<?xml version="1.0" encoding="utf-8"?>
<extension version="3.7" type="plugin" group="installer" method="upgrade">
	<name>plg_installer_aggpxtrackinstaller</name>
	<author>Astrid Günther</author>
	<creationDate>2020-02-22</creationDate>
	<copyright>(C) 2020 Open Source Matters. All rights reserved.</copyright>
	<license>GNU General Public License version 2 or later; see LICENSE.txt</license>
	<authorEmail>info@astrid-guenther.de</authorEmail>
	<authorUrl>www.astrid-guenther.de</authorUrl>
	<version>1.1.4</version>
	<description>PLG_INSTALLER_AGGPXTRACK_XML_DESCRIPTION</description>
	<files>
		<file plugin="aggpxtrackinstaller">aggpxtrackinstaller.php</file>
<file>aggpxtrackinstaller.xml</file>
	</files>
	<languages folder="administrator/language">
		<language tag="de-DE">de-DE/de-DE.plg_installer_aggpxtrackinstaller.sys.ini</language>
<language tag="de-DE">de-DE/de-DE.plg_installer_aggpxtrackinstaller.ini</language>
<language tag="en-GB">en-GB/en-GB.plg_installer_aggpxtrackinstaller.ini</language>
<language tag="en-GB">en-GB/en-GB.plg_installer_aggpxtrackinstaller.sys.ini</language>
<language tag="it-IT">it-IT/it-IT.plg_installer_aggpxtrackinstaller.ini</language>
<language tag="it-IT">it-IT/it-IT.plg_installer_aggpxtrackinstaller.sys.ini</language>
	</languages>
</extension>
