<?xml version="1.0" encoding="utf-8"?>
<form>
	<fields
		name="fieldparams"
		addfieldpath="plugins/fields/aggpxtrack/field"
	>
		<fieldset name="fieldparams">
			<field
				name="directory"
				type="folderlist"
				label="PLG_FIELDS_AGGPXTRACK_PARAMS_DIRECTORY_LABEL"
				description="PLG_FIELDS_AGGPXTRACK_PARAMS_DIRECTORY_DESC"
				directory="images"
				hide_none="true"
				recursive="true"
			/>

			<field
				name="preview"
				type="hidden"
				default="false"
				label="PLG_FIELDS_AGGPXTRACK_PARAMS_PREVIEW_LABEL"
				description="PLG_FIELDS_AGGPXTRACK_PARAMS_PREVIEW_DESC"
			>
				<option value="false">JNO</option>
			</field>
			<field
				name="image_class"
				type="textarea"
				label="PLG_FIELDS_AGGPXTRACK_PARAMS_IMAGE_CLASS_LABEL"
				description="PLG_FIELDS_AGGPXTRACK_PARAMS_IMAGE_CLASS_DESC"
				size="40"
			/>

			<field type="spacer" name="spacerpolylinecolor" hr="true" />

			<field
				type="list"
				name="showelements"
				default="'track', 'route', 'waypoint'"
				label="PLG_FIELDS_AGGPXTRACK_PARAMS_CONTROL_SHOWELEMENTS_LABEL"
				description="PLG_FIELDS_AGGPXTRACK_PARAMS_CONTROL_SHOWELEMENTS_DESC"
			>
				<option value="track,route,waypoint">track, route and waypoints</option>
				<option value="track,route">track and route</option>
				<option value="track">track</option>
				<option value="route">route</option>
				<option value="waypoint">waypoints</option>
				<option value="track,waypoint">track and waypoints</option>
				<option value="route,waypoint'">route and waypoints</option>
			</field>

			<field
				name="polylinecolor"
				type="color"
				default="#0000ff"
				label="PLG_FIELDS_AGGPXTRACK_PARAMS_POLYLINECOLOR_LABEL"
				description="PLG_FIELDS_AGGPXTRACK_PARAMS_POLYLINECOLOR_DESC"
				showon="showelements!:waypoint"
			/>

			<field
				type="list"
				name="custom_icons"
				default="0"
				label="PLG_FIELDS_AGGPXTRACK_PARAMS_CUSTOMICONS_LABEL"
				description="PLG_FIELDS_AGGPXTRACK_PARAMS_CUSTOMICONS_DESC"
			>
				<option value="1">JYES</option>
				<option value="0">JNO</option>
			</field>

			<field
				type="spacer"
				name="customiconstart"
				hr="false"
				label="PLG_FIELDS_AGGPXTRACK_PARAMS_START_SPACER_LABEL"
				showon="custom_icons:1"
			/>

			<field
				name="customiconstart_icon"
				type="falist"
				label="PLG_FIELDS_AGGPXTRACK_PARAMS_CUSTOMICONSTART_ICON_LABEL"
				description="PLG_FIELDS_AGGPXTRACK_PARAMS_CUSTOMICONSTART_ICON_DESC"
				showon="custom_icons:1"
			>
			</field>

			<field
				name="customiconstart_markercolor"
				type="list"
				default="red"
				label="PLG_FIELDS_AGGPXTRACK_PARAMS_CUSTOMICONSTART_MARKERCOLOR_LABEL"
				description="PLG_FIELDS_AGGPXTRACK_PARAMS_CUSTOMICONSTART_MARKERCOLOR_DESC"
				showon="custom_icons:1"
			>
				<option value="red">red</option>
				<option value="darkred">darkred</option>
				<option value="orange">orange</option>
				<option value="green">green</option>
				<option value="darkgreen">darkgreen</option>
				<option value="blue">blue</option>
				<option value="red">red</option>
				<option value="purple">purple</option>
				<option value="darkpurple">darkpurple</option>
				<option value="cadetblue">cadetblue</option>
			</field>

			<field
				name="customiconstart_iconcolor"
				type="color"
				default="#ffffff"
				label="PLG_FIELDS_AGGPXTRACK_PARAMS_CUSTOMICONSTART_ICONCOLOR_LABEL"
				description="PLG_FIELDS_AGGPXTRACK_PARAMS_CUSTOMICONSTART_ICONCOLOR_DESC"
				showon="custom_icons:1"
			/>

			<field
				name="customiconstart_extraclasses"
				type="text"
				default=""
				label="PLG_FIELDS_AGGPXTRACK_PARAMS_CUSTOMICONSTART_EXTRACLASSES_LABEL"
				description="PLG_FIELDS_AGGPXTRACK_PARAMS_CUSTOMICONSTART_EXTRACLASSES_DESC"
				size="40"
				showon="custom_icons:1"
			/>

			<field
				name="customiconstart_spin"
				type="radio"
				label="PLG_FIELDS_AGGPXTRACK_PARAMS_CUSTOMICONSTART_SPIN_LABEL"
				description="PLG_FIELDS_AGGPXTRACK_PARAMS_CUSTOMICONSTART_SPIN_DESC"
				class="btn-group btn-group-yesno switcher"
				default="0"
				showon="custom_icons:1"
			>
				<option value="1">JYES</option>
				<option value="0">JNO</option>
			</field>

			<field
				type="spacer"
				name="customiconend"
				hr="false"
				label="PLG_FIELDS_AGGPXTRACK_PARAMS_END_SPACER_LABEL"
				showon="custom_icons:1"
			/>

			<field
				name="customiconend_icon"
				type="falist"
				label="PLG_FIELDS_AGGPXTRACK_PARAMS_CUSTOMICONSTART_ICON_LABEL"
				description="PLG_FIELDS_AGGPXTRACK_PARAMS_CUSTOMICONSTART_ICON_DESC"
				showon="custom_icons:1"
			>
			</field>

			<field
				name="customiconend_markercolor"
				type="list"
				default="red"
				label="PLG_FIELDS_AGGPXTRACK_PARAMS_CUSTOMICONSTART_MARKERCOLOR_LABEL"
				description="PLG_FIELDS_AGGPXTRACK_PARAMS_CUSTOMICONSTART_MARKERCOLOR_DESC"
				showon="custom_icons:1"
			>
				<option value="red">red</option>
				<option value="darkred">darkred</option>
				<option value="orange">orange</option>
				<option value="green">green</option>
				<option value="darkgreen">darkgreen</option>
				<option value="blue">blue</option>
				<option value="red">red</option>
				<option value="purple">purple</option>
				<option value="darkpurple">darkpurple</option>
				<option value="cadetblue">cadetblue</option>
			</field>

			<field
				name="customiconend_iconcolor"
				type="color"
				default="#ffffff"
				label="PLG_FIELDS_AGGPXTRACK_PARAMS_CUSTOMICONSTART_ICONCOLOR_LABEL"
				description="PLG_FIELDS_AGGPXTRACK_PARAMS_CUSTOMICONSTART_ICONCOLOR_DESC"
				showon="custom_icons:1"
			/>

			<field
				name="customiconend_extraclasses"
				type="text"
				default=""
				label="PLG_FIELDS_AGGPXTRACK_PARAMS_CUSTOMICONSTART_EXTRACLASSES_LABEL"
				description="PLG_FIELDS_AGGPXTRACK_PARAMS_CUSTOMICONSTART_EXTRACLASSES_DESC"
				size="40"
				showon="custom_icons:1"
			/>

			<field
				name="customiconend_spin"
				type="radio"
				label="PLG_FIELDS_AGGPXTRACK_PARAMS_CUSTOMICONSTART_SPIN_LABEL"
				description="PLG_FIELDS_AGGPXTRACK_PARAMS_CUSTOMICONSTART_SPIN_DESC"
				class="btn-group btn-group-yesno switcher"
				default="0"
				showon="custom_icons:1"
			>
				<option value="1">JYES</option>
				<option value="0">JNO</option>
			</field>

			<field
				type="spacer"
				name="customiconwaypoint"
				hr="false"
				label="PLG_FIELDS_AGGPXTRACK_PARAMS_WAYPOINT_SPACER_LABEL"
				showon="custom_icons:1"
			/>

			<field
				name="customiconwaypoint_icon"
				type="falist"
				label="PLG_FIELDS_AGGPXTRACK_PARAMS_CUSTOMICONSTART_ICON_LABEL"
				description="PLG_FIELDS_AGGPXTRACK_PARAMS_CUSTOMICONSTART_ICON_DESC"
				showon="custom_icons:1"
			>
			</field>

			<field
				name="customiconwaypoint_markercolor"
				type="list"
				default="red"
				label="PLG_FIELDS_AGGPXTRACK_PARAMS_CUSTOMICONSTART_MARKERCOLOR_LABEL"
				description="PLG_FIELDS_AGGPXTRACK_PARAMS_CUSTOMICONSTART_MARKERCOLOR_DESC"
				showon="custom_icons:1"
			>
				<option value="red">red</option>
				<option value="darkred">darkred</option>
				<option value="orange">orange</option>
				<option value="green">green</option>
				<option value="darkgreen">darkgreen</option>
				<option value="blue">blue</option>
				<option value="red">red</option>
				<option value="purple">purple</option>
				<option value="darkpurple">darkpurple</option>
				<option value="cadetblue">cadetblue</option>
			</field>

			<field
				name="customiconwaypoint_iconcolor"
				type="color"
				default="#ffffff"
				label="PLG_FIELDS_AGGPXTRACK_PARAMS_CUSTOMICONSTART_ICONCOLOR_LABEL"
				description="PLG_FIELDS_AGGPXTRACK_PARAMS_CUSTOMICONSTART_ICONCOLOR_DESC"
				showon="custom_icons:1"
			/>

			<field
				name="customiconwaypoint_extraclasses"
				type="text"
				default=""
				label="PLG_FIELDS_AGGPXTRACK_PARAMS_CUSTOMICONSTART_EXTRACLASSES_LABEL"
				description="PLG_FIELDS_AGGPXTRACK_PARAMS_CUSTOMICONSTART_EXTRACLASSES_DESC"
				size="40"
				showon="custom_icons:1"
			/>

			<field
				name="customiconwaypoint_spin"
				type="radio"
				label="PLG_FIELDS_AGGPXTRACK_PARAMS_CUSTOMICONSTART_SPIN_LABEL"
				description="PLG_FIELDS_AGGPXTRACK_PARAMS_CUSTOMICONSTART_SPIN_DESC"
				class="btn-group btn-group-yesno switcher"
				default="0"
				showon="custom_icons:1"
			>
				<option value="1">JYES</option>
				<option value="0">JNO</option>
			</field>

			<field
				type="spacer"
				name="customiconspecialwaypoint"
				hr="false"
				label="PLG_FIELDS_AGGPXTRACK_PARAMS_SPECIALWAYPOINT_SPACER_LABEL"
				showon="custom_icons:1"
			/>

			<field
				name="specialwaypoints"
				type="subform"
				formsource="plugins/fields/aggpxtrack/forms/specialwaypoint.xml"
				multiple="true"
				label="PLG_FIELDS_AGGPXTRACK_PARAMS_SPECIALWAYPOINT_SUBFORM_LABEL"
				min= "1"
				max= "20"
				description="PLG_FIELDS_AGGPXTRACK_PARAMS_SPECIALWAYPOINT_SUBFORM_DESC"
				layout="joomla.form.field.subform.repeatable"
				showon="custom_icons:1"
			/>

			<field type="spacer" name="downloadparams" hr="true" />

			<field
				name="show_downloadlink"
				type="radio"
				label="PLG_FIELDS_AGGPXTRACK_PARAMS_SHOW_DOWNLOAD_LABEL"
				description="PLG_FIELDS_AGGPXTRACK_PARAMS_SHOW_DOWNLOAD_DESC"
				class="btn-group btn-group-yesno switcher"
				default="0"
			>
				<option value="0">JNO</option>
				<option value="text">text</option>
				<option value="button">button</option>
			</field>

			<field
				name="downloadbuttoncolor"
				type="color"
				default="#cadea5"
				label="PLG_FIELDS_AGGPXTRACK_PARAMS_BUTTONCOLOR_LABEL"
				description="PLG_FIELDS_AGGPXTRACK_PARAMS_BUTTONCOLOR_DESC"
				showon="show_downloadlink:button"
			/>

			<field type="spacer" name="mapparams" hr="true" />

			<field
				type="integer"
				name="map_height"
				label="PLG_FIELDS_AGGPXTRACK_PARAMS_CONTROL_HEIGHT_LABEL"
				description="PLG_FIELDS_AGGPXTRACK_PARAMS__CONTROL_HEIGHT_DESC"
				default="400"
				first="0"
				last="1000"
				step="1"
			/>
			<field
				name="scrollwheelzoom"
				type="radio"
				label="PLG_FIELDS_AGGPXTRACK_PARAMS_SCOLLWHEELZOOM_LABEL"
				description="PLG_FIELDS_AGGPXTRACK_PARAMS_SCOLLWHEELZOOM_DESC"
				class="btn-group btn-group-yesno switcher"
				default="1"
			>
				<option value="0">JNO</option>
				<option value="1">JYES</option>
			</field>
			<field
				type="list"
				name="maptype"
				default="osm"
				label="PLG_FIELDS_AGGPXTRACK_PARAMS_CONTROL_MAPTYPE_LABEL"
				description="PLG_FIELDS_AGGPXTRACK_PARAMS_CONTROL_MAPTYPE_DESC"
			>
				<option value="osm">OpenStreetMap</option>
				<option value="opentopomap">OpenTopoMap</option>
				<option value="thunderforest">Thunderforest</option>
				<option value="mapbox">Mapbox</option>
				<option value="google">GoogleMaps</option>
				<option value="geoportailfrance">GeoportailFrance</option>
			</field>
			<field
				name="geoportailfrancekey"
				type="text"
				default="choisirgeoportail"
				label="PLG_FIELDS_AGGPXTRACK_PARAMS_CONTROL_GEOPORTAILFRAMCEKEY_LABEL"
				description="PLG_FIELDS_AGGPXTRACK_PARAMS_CONTROL_GEOPORTAILFRAMCEKEY_DESC"
				size="40"
				showon="maptype:geoportailfrance"
			/>
			<field
				name="mapboxkey"
				type="text"
				default=""
				label="PLG_FIELDS_AGGPXTRACK_PARAMS_CONTROL_MAPBOXKEY_LABEL"
				description="PLG_FIELDS_AGGPXTRACK_PARAMS_CONTROL_MAPBOXKEY_DESC"
				size="40"
				showon="maptype:mapbox"
			/>

			<field
				name="thunderforestkey"
				type="text"
				default=""
				label="PLG_FIELDS_AGGPXTRACK_PARAMS_CONTROL_THUNDERFORESTKEY_LABEL"
				description="PLG_FIELDS_AGGPXTRACK_PARAMS_CONTROL_THUNDERFORESTKEY_DESC"
				size="40"
				showon="maptype:thunderforest"
			/>

			<field
				type="list"
				name="thunderforestmaptype"
				default="cycle"
				label="PLG_FIELDS_AGGPXTRACK_PARAMS_CONTROL_THUNDERFORESTMAPTYPE_LABEL"
				description="PLG_FIELDS_AGGPXTRACK_PARAMS_CONTROL_THUNDERFORESTMAPTYPE_DESC"
				showon="maptype:thunderforest"
			>
				<option value="cycle">cycle</option>
				<option value="transport">transport</option>
				<option value="landscape">landscape</option>
				<option value="outdoors">outdoors</option>
				<option value="transport-dark">transport-dark</option>
				<option value="spinal-map">spinal-map</option>
				<option value="pioneer">pioneer</option>
				<option value="mobile-atlas">mobile-atlas</option>
				<option value="neighbourhood">neighbourhood</option>
			</field>

			<field
				name="googlekey"
				type="text"
				default=""
				label="PLG_FIELDS_AGGPXTRACK_PARAMS_CONTROL_GOOGLEKEY_LABEL"
				description="PLG_FIELDS_AGGPXTRACK_PARAMS_CONTROL_GOOGLEKEY_DESC"
				size="40"
				showon="maptype:google"
			/>

			<field
				type="list"
				name="googlemapstype"
				default="satellite"
				label="PLG_FIELDS_AGGPXTRACK_PARAMS_CONTROL_GOOGLETYPE_LABEL"
				description="PLG_FIELDS_AGGPXTRACK_PARAMS_CONTROL_GOOGLETYPE_DESC"
				showon="maptype:google"
			>
				<option value="satellite">satellite</option>
				<option value="roadmap">roadmap</option>
				<option value="terrain">terrain</option>
				<option value="hybrid">hybrid</option>
			</field>
			<field type="spacer" name="aggpxscale" hr="true" />

			<field
				type="checkboxes"
				name="scale"
				label="PLG_FIELDS_AGGPXTRACK_PARAMS_SCALE"
				description="PLG_FIELDS_AGGPXTRACK_PARAMS_SCALE_DESC"
			>
				<option value="metric">PLG_FIELDS_AGGPXTRACK_PARAMS_METRIC</option>
				<option value="imperial">PLG_FIELDS_AGGPXTRACK_PARAMS_IMPERIAL</option>
			</field>

			<field type="spacer" name="gpxparams" hr="true" />

			<field
				type="list"
				name="showinfo"
				default="no"
				label="PLG_FIELDS_AGGPXTRACK_PARAMS_SHOWINFO_LABEL"
				description="PLG_FIELDS_AGGPXTRACK_PARAMS_SHOWINFO_DESC"
			>
				<option value="no">no</option>
				<option value="before">before map</option>
				<option value="after">after map</option>
			</field>
			<field
				type="list"
				name="infostyle"
				default="style"
				label="PLG_FIELDS_AGGPXTRACK_PARAMS_INFOSTYLE_LABEL"
				description="PLG_FIELDS_AGGPXTRACK_PARAMS_INFOSTYLE_DESC"
				showon="showinfo!:no"
			>
				<option value="style">no</option>
				<option value="style_1">style_1</option>
				<option value="style_2">style_2</option>
			</field>
			<field
				name="stylecolorlight"
				type="color"
				default="#cadea5"
				label="PLG_FIELDS_AGGPXTRACK_PARAMS_INFOCOLORLIGHT_LABEL"
				description="PLG_FIELDS_AGGPXTRACK_PARAMS_INFOCOLORLIGHT_DESC"
				showon="showinfo!:no[AND]infostyle!:style"
			/>
			<field
				name="stylecolordark"
				type="color"
				default="#86b827"
				label="PLG_FIELDS_AGGPXTRACK_PARAMS_INFOCOLORDARK_LABEL"
				description="PLG_FIELDS_AGGPXTRACK_PARAMS_INFOCOLORDARK_DESC"
				showon="showinfo!:no[AND]infostyle!:style"
			/>
			<field
				name="show_distance"
				type="radio"
				label="PLG_FIELDS_AGGPXTRACK_PARAMS_SHOW_DISTANCE_LABEL"
				description="PLG_FIELDS_AGGPXTRACK_PARAMS_SHOW_DISTANCE_DESC"
				class="btn-group btn-group-yesno switcher"
				default="0"
				showon="showinfo!:no"
			>
				<option value="1">JSHOW</option>
				<option value="0">JHIDE</option>
			</field>

			<field
				name="show_name"
				type="radio"
				label="PLG_FIELDS_AGGPXTRACK_PARAMS_SHOW_NAME_LABEL"
				description="PLG_FIELDS_AGGPXTRACK_PARAMS_SHOW_NAME_DESC"
				class="btn-group btn-group-yesno switcher"
				default="0"
				showon="showinfo!:no"
			>
				<option value="1">JSHOW</option>
				<option value="0">JHIDE</option>
			</field>

			<field
				name="show_start_time"
				type="radio"
				label="PLG_FIELDS_AGGPXTRACK_PARAMS_SHOW_START_TIME_LABEL"
				description="PLG_FIELDS_AGGPXTRACK_PARAMS_SHOW_START_TIME_DESC"
				class="btn-group btn-group-yesno switcher"
				default="0"
				showon="showinfo!:no"
			>
				<option value="1">JSHOW</option>
				<option value="0">JHIDE</option>
			</field>

			<field
				name="show_end_time"
				type="radio"
				label="PLG_FIELDS_AGGPXTRACK_PARAMS_SHOW_END_TIME_LABEL"
				description="PLG_FIELDS_AGGPXTRACK_PARAMS_SHOW_END_TIME_DESC"
				class="btn-group btn-group-yesno switcher"
				default="0"
				showon="showinfo!:no"
			>
				<option value="1">JSHOW</option>
				<option value="0">JHIDE</option>
			</field>

			<field
				name="show_moving_time"
				type="radio"
				label="PLG_FIELDS_AGGPXTRACK_PARAMS_SHOW_MOVING_TIME_LABEL"
				description="PLG_FIELDS_AGGPXTRACK_PARAMS_SHOW_MOVING_TIME_DESC"
				class="btn-group btn-group-yesno switcher"
				default="0"
				showon="showinfo!:no"
			>
				<option value="1">JSHOW</option>
				<option value="0">JHIDE</option>
			</field>

			<field
				name="show_total_time"
				type="radio"
				label="PLG_FIELDS_AGGPXTRACK_PARAMS_SHOW_TOTAL_TIME_LABEL"
				description="PLG_FIELDS_AGGPXTRACK_PARAMS_SHOW_TOTAL_TIME_DESC"
				class="btn-group btn-group-yesno switcher"
				default="0"
				showon="showinfo!:no"
			>
				<option value="1">JSHOW</option>
				<option value="0">JHIDE</option>
			</field>

			<field
				name="show_moving_pace"
				type="radio"
				label="PLG_FIELDS_AGGPXTRACK_PARAMS_SHOW_MOVING_PACE_LABEL"
				description="PLG_FIELDS_AGGPXTRACK_PARAMS_SHOW_MOVING_PACE_DESC"
				class="btn-group btn-group-yesno switcher"
				default="0"
				showon="showinfo!:no"
			>
				<option value="1">JSHOW</option>
				<option value="0">JHIDE</option>
			</field>

			<field
				name="show_moving_speed"
				type="radio"
				label="PLG_FIELDS_AGGPXTRACK_PARAMS_SHOW_MOVING_SPEED_LABEL"
				description="PLG_FIELDS_AGGPXTRACK_PARAMS_SHOW_MOVING_SPEED_DESC"
				class="btn-group btn-group-yesno switcher"
				default="0"
				showon="showinfo!:no"
			>
				<option value="1">JSHOW</option>
				<option value="0">JHIDE</option>
			</field>

			<field
				name="show_total_speed"
				type="radio"
				label="PLG_FIELDS_AGGPXTRACK_PARAMS_SHOW_TOTAL_SPEED_LABEL"
				description="PLG_FIELDS_AGGPXTRACK_PARAMS_SHOW_TOTAL_SPEED_DESC"
				class="btn-group btn-group-yesno switcher"
				default="0"
				showon="showinfo!:no"
			>
				<option value="1">JSHOW</option>
				<option value="0">JHIDE</option>
			</field>

			<field
				name="show_elevation_min"
				type="radio"
				label="PLG_FIELDS_AGGPXTRACK_PARAMS_SHOW_ELEVATION_MIN_LABEL"
				description="PLG_FIELDS_AGGPXTRACK_PARAMS_SHOW_ELEVATION_MIN_DESC"
				class="btn-group btn-group-yesno switcher"
				default="0"
				showon="showinfo!:no"
			>
				<option value="1">JSHOW</option>
				<option value="0">JHIDE</option>
			</field>

			<field
				name="show_elevation_max"
				type="radio"
				label="PLG_FIELDS_AGGPXTRACK_PARAMS_SHOW_ELEVATION_MAX_LABEL"
				description="PLG_FIELDS_AGGPXTRACK_PARAMS_SHOW_ELEVATION_MAX_DESC"
				class="btn-group btn-group-yesno switcher"
				default="0"
				showon="showinfo!:no"
			>
				<option value="1">JSHOW</option>
				<option value="0">JHIDE</option>
			</field>

			<field
				name="show_elevation_gain"
				type="radio"
				label="PLG_FIELDS_AGGPXTRACK_PARAMS_SHOW_ELEVATION_GAIN_LABEL"
				description="PLG_FIELDS_AGGPXTRACK_PARAMS_SHOW_ELEVATION_GAIN_DESC"
				class="btn-group btn-group-yesno switcher"
				default="0"
				showon="showinfo!:no"
			>
				<option value="1">JSHOW</option>
				<option value="0">JHIDE</option>
			</field>

			<field
				name="show_elevation_loss"
				type="radio"
				label="PLG_FIELDS_AGGPXTRACK_PARAMS_SHOW_ELEVATION_LOSS_LABEL"
				description="PLG_FIELDS_AGGPXTRACK_PARAMS_SHOW_ELEVATION_LOSS_DESC"
				class="btn-group btn-group-yesno switcher"
				default="0"
				showon="showinfo!:no"
			>
				<option value="1">JSHOW</option>
				<option value="0">JHIDE</option>
			</field>

			<field
				name="show_average_hr"
				type="radio"
				label="PLG_FIELDS_AGGPXTRACK_PARAMS_SHOW_AVERAGE_HR_LABEL"
				description="PLG_FIELDS_AGGPXTRACK_PARAMS_SHOW_AVERAGE_HR_DESC"
				class="btn-group btn-group-yesno switcher"
				default="0"
				showon="showinfo!:no"
			>
				<option value="1">JSHOW</option>
				<option value="0">JHIDE</option>
			</field>

			<field
				name="show_average_cadence"
				type="radio"
				label="PLG_FIELDS_AGGPXTRACK_PARAMS_SHOW_AVERAGE_CADENCE_LABEL"
				description="PLG_FIELDS_AGGPXTRACK_PARAMS_SHOW_AVERAGE_CADENCE_DESC"
				class="btn-group btn-group-yesno switcher"
				default="0"
				showon="showinfo!:no"
			>
				<option value="1">JSHOW</option>
				<option value="0">JHIDE</option>
			</field>

			<field
				name="show_average_temp"
				type="radio"
				label="PLG_FIELDS_AGGPXTRACK_PARAMS_SHOW_AVERAGE_TEMP_LABEL"
				description="PLG_FIELDS_AGGPXTRACK_PARAMS_SHOW_AVERAGE_TEMP_DESC"
				class="btn-group btn-group-yesno switcher"
				default="0"
				showon="showinfo!:no"
			>
				<option value="1">JSHOW</option>
				<option value="0">JHIDE</option>
			</field>

			<field type="spacer" name="elevationcontrol" hr="true" />

			<field
				name="show_elevantioncontrol"
				type="radio"
				label="PLG_FIELDS_AGGPXTRACK_PARAMS_SHOW_ELEVATIONCONTROL_LABEL"
				description="PLG_FIELDS_AGGPXTRACK_PARAMS_SHOW_ELEVATIONCONTROL_DESC"
				class="btn-group btn-group-yesno switcher"
				default="0"
			>
				<option value="1">JSHOW</option>
				<option value="0">JHIDE</option>
			</field>

			<field
				type="list"
				name="elevantioncontrol_position"
				default="topright"
				label="PLG_FIELDS_AGGPXTRACK_PARAMS_CONTROL_POSITION_LABEL"
				description="PLG_FIELDS_AGGPXTRACK_PARAMS_CONTROL_POSITION_DESC"
				showon="show_elevantioncontrol:1"
			>
				<option value="bottomleft">PLG_FIELDS_AGGPXTRACK_PARAMS_CONTROL_POSITION_BOTTOMLEFT</option>
				<option value="bottomright">PLG_FIELDS_AGGPXTRACK_PARAMS_CONTROL_POSITION_BOTTOMRIGHT</option>
				<option value="topleft">PLG_FIELDS_AGGPXTRACK_PARAMS_CONTROL_POSITION_TOPLEFT</option>
				<option value="topright">PLG_FIELDS_AGGPXTRACK_PARAMS_CONTROL_POSITION_TOPRIGHT</option>
			</field>

			<field
				type="list"
				name="elevantioncontrol_theme"
				default="elevation-lime"
				label="PLG_FIELDS_AGGPXTRACK_PARAMS_CONTROL_THEME_LABEL"
				description="PLG_FIELDS_AGGPXTRACK_PARAMS_CONTROL_THEME_DESC"
				showon="show_elevantioncontrol:1"
			>
				<option value="steelblue-theme">steelblue-theme</option>
				<option value="purple-theme">purple-theme</option>
				<option value="lime-theme">lime-theme</option>
			</field>

			<field
				type="list"
				name="elevantioncontrol_height"
				label="PLG_FIELDS_AGGPXTRACK_PARAMS_HEIGHT_LABEL"
				description="PLG_FIELDS_AGGPXTRACK_PARAMS_HEIGHT_DESC"
				default="125"
				showon="show_elevantioncontrol:1"
			>
				<option value="-25">PLG_FIELDS_AGGPXTRACK_PARAMS_HEIGHT_25</option>
				<option value="-50">PLG_FIELDS_AGGPXTRACK_PARAMS_HEIGHT_50</option>
				<option value="-75">PLG_FIELDS_AGGPXTRACK_PARAMS_HEIGHT_75</option>
				<option value="-100">PLG_FIELDS_AGGPXTRACK_PARAMS_HEIGHT_100</option>
				<option value="1000">1000 Pixel</option>
				<option value="900" >900 Pixel</option>
				<option value="800" >800 Pixel</option>
				<option value="700" >700 Pixel</option>
				<option value="600" >600 Pixel</option>
				<option value="500" >500 Pixel</option>
				<option value="400" >400 Pixel</option>
				<option value="300" >300 Pixel</option>
				<option value="200" >200 Pixel</option>
				<option value="100" >100 Pixel</option>
			</field>

			<field
				type="list"
				name="elevantioncontrol_width"
				label="PLG_FIELDS_AGGPXTRACK_PARAMS_WIDTH_LABEL"
				description="PLG_FIELDS_AGGPXTRACK_PARAMS_WIDTH_DESC"
				default="600"
				showon="show_elevantioncontrol:1"
			>
				<option value="-25">PLG_FIELDS_AGGPXTRACK_PARAMS_WIDTH_25</option>
				<option value="-50">PLG_FIELDS_AGGPXTRACK_PARAMS_WIDTH_50</option>
				<option value="-75">PLG_FIELDS_AGGPXTRACK_PARAMS_WIDTH_75</option>
				<option value="-100">PLG_FIELDS_AGGPXTRACK_PARAMS_WIDTH_100</option>
				<option value="1000">1000 Pixel</option>
				<option value="900" >900 Pixel</option>
				<option value="800" >800 Pixel</option>
				<option value="700" >700 Pixel</option>
				<option value="600" >600 Pixel</option>
				<option value="500" >500 Pixel</option>
				<option value="400" >400 Pixel</option>
				<option value="300" >300 Pixel</option>
				<option value="200" >200 Pixel</option>
				<option value="100" >100 Pixel</option>
			</field>

			<field
				type="integer"
				name="elevantioncontrol_top"
				label="PLG_FIELDS_AGGPXTRACK_PARAMS_TOP_LABEL"
				description="PLG_FIELDS_AGGPXTRACK_PARAMS_TOP_DESC"
				default="10"
				first="0"
				last="100"
				step="1"
				showon="show_elevantioncontrol:1"
			/>

			<field
				type="integer"
				name="elevantioncontrol_bottom"
				label="PLG_FIELDS_AGGPXTRACK_PARAMS_BOTTOM_LABEL"
				description="PLG_FIELDS_AGGPXTRACK_PARAMS_BOTTOM_DESC"
				default="30"
				first="0"
				last="100"
				step="1"
				showon="show_elevantioncontrol:1"
			/>

			<field
				type="integer"
				name="elevantioncontrol_right"
				label="PLG_FIELDS_AGGPXTRACK_PARAMS_RIGHT_LABEL"
				description="PLG_FIELDS_AGGPXTRACK_PARAMS_RIGHT_DESC"
				default="20"
				first="0"
				last="100"
				step="1"
				showon="show_elevantioncontrol:1"
			/>

			<field
				type="integer"
				name="elevantioncontrol_left"
				label="PLG_FIELDS_AGGPXTRACK_PARAMS_LEFT_LABEL"
				description="PLG_FIELDS_AGGPXTRACK_PARAMS_LEFT_DESC"
				default="50"
				first="0"
				last="100"
				step="1"
				showon="show_elevantioncontrol:1"
			/>

			<field
				type="list"
				name="elevantioncontrol_collapsed"
				default="true"
				label="PLG_FIELDS_AGGPXTRACK_PARAMS_COLLAPSED_LABEL"
				description="PLG_FIELDS_AGGPXTRACK_PARAMS_COLLAPSED_DESC"
				showon="show_elevantioncontrol:1"
			>
				<option value="true">JYES</option>
				<option value="false">JNO</option>
			</field>

			<field type="spacer" name="fullscreenparams" hr="true" />

			<field
				name="show_fullscreencontrol"
				type="radio"
				label="PLG_FIELDS_AGGPXTRACK_PARAMS_SHOW_FULLSCREEN_LABEL"
				description="PLG_FIELDS_AGGPXTRACK_PARAMS_SHOW_FULLSCREEN_DESC"
				class="btn-group btn-group-yesno switcher"
				default="0"
			>
				<option value="1">JYES</option>
				<option value="0">JNO</option>
			</field>

			<field
				type="list"
				name="fullscreencontrol_position"
				default="topleft"
				label="PLG_FIELDS_AGGPXTRACK_PARAMS_CONTROL_POSITION_LABEL"
				description="PLG_FIELDS_AGGPXTRACK_PARAMS_CONTROL_POSITION_DESC"
				showon="show_fullscreencontrol:1"
			>
				<option value="bottomleft">PLG_FIELDS_AGGPXTRACK_PARAMS_CONTROL_POSITION_BOTTOMLEFT</option>
				<option value="bottomright">PLG_FIELDS_AGGPXTRACK_PARAMS_CONTROL_POSITION_BOTTOMRIGHT</option>
				<option value="topleft">PLG_FIELDS_AGGPXTRACK_PARAMS_CONTROL_POSITION_TOPLEFT</option>
				<option value="topright">PLG_FIELDS_AGGPXTRACK_PARAMS_CONTROL_POSITION_TOPRIGHT</option>
			</field>
			<field type="spacer" name="currentposition" hr="true" />

			<field
				name="show_currentposition"
				type="radio"
				label="PLG_FIELDS_AGGPXTRACK_PARAMS_SHOW_CURRENTPOSITION_LABEL"
				description="PLG_FIELDS_AGGPXTRACK_PARAMS_SHOW_CURRENTPOSITION_DESC"
				class="btn-group btn-group-yesno switcher"
				default="0"
			>
				<option value="1">JYES</option>
				<option value="0">JNO</option>
			</field>

			<field
				type="list"
				name="currentposition_initialZoomLevel"
				label="PLG_FIELDS_AGGPXTRACK_PARAMS_CURRENTPOSITION_INTITILZOOM_LABEL"
				description="PLG_FIELDS_AGGPXTRACK_PARAMS_CURRENTPOSITION_INTITILZOOM_DESC"
				default="17"
				showon="show_currentposition:1"
			>
				<option value="1">1</option>
				<option value="2">2</option>
				<option value="3">3</option>
				<option value="4">4</option>
				<option value="5">5</option>
				<option value="6">6</option>
				<option value="7">7</option>
				<option value="8">8</option>
				<option value="9">9</option>
				<option value="10">10</option>
				<option value="11">11</option>
				<option value="12">12</option>
				<option value="13">13</option>
				<option value="14">14</option>
				<option value="15">15</option>
				<option value="16">16</option>
				<option value="17">17</option>
				<option value="18">18</option>
				<option value="19">19</option>
			</field>

			<field
				type="list"
				name="currentposition_position"
				default="topleft"
				label="PLG_FIELDS_AGGPXTRACK_PARAMS_SHOW_CURRENTPOSITION_LABEL"
				description="PLG_FIELDS_AGGPXTRACK_PARAMS_SHOW_CURRENTPOSITION_DESC"
				showon="show_currentposition:1"
			>
				<option value="bottomleft">PLG_FIELDS_AGGPXTRACK_PARAMS_CONTROL_POSITION_BOTTOMLEFT</option>
				<option value="bottomright">PLG_FIELDS_AGGPXTRACK_PARAMS_CONTROL_POSITION_BOTTOMRIGHT</option>
				<option value="topleft">PLG_FIELDS_AGGPXTRACK_PARAMS_CONTROL_POSITION_TOPLEFT</option>
				<option value="topright">PLG_FIELDS_AGGPXTRACK_PARAMS_CONTROL_POSITION_TOPRIGHT</option>
			</field>

			<field type="spacer" name="omnivore" hr="true" />

			<field
				name="show_omnivore"
				type="radio"
				label="PLG_FIELDS_AGGPXTRACK_PARAMS_SHOW_OMNIVORE_LABEL"
				description="PLG_FIELDS_AGGPXTRACK_PARAMS_SHOW_OMNIVORE_DESC"
				class="btn-group btn-group-yesno switcher"
				default="0"
			>
				<option value="1">JSHOW</option>
				<option value="0">JHIDE</option>
			</field>

			<field
				name="omnivore_file"
				type="filelist"
				default=""
				label="PLG_FIELDS_AGGPXTRACK_PARAMS_SHOW_OMNIVORE_FILE_LABEL"
				description="PLG_FIELDS_AGGPXTRACK_PARAMS_SHOW_OMNIVORE_FILE_DESC"
				directory="images/com_aggpxtrack"
				filter="kml"
				exclude=""
				stripext=""
				showon="show_omnivore:1"
			/>

			<field
				name="omnivore_icon"
				type="falist"
				label="PLG_FIELDS_AGGPXTRACK_PARAMS_CUSTOMICONSTART_ICON_LABEL"
				description="PLG_FIELDS_AGGPXTRACK_PARAMS_CUSTOMICONSTART_ICON_DESC"
				showon="show_omnivore:1"
			>
			</field>

			<field
				name="omnivore_markercolor"
				type="list"
				default="red"
				label="PLG_FIELDS_AGGPXTRACK_PARAMS_CUSTOMICONSTART_MARKERCOLOR_LABEL"
				description="PLG_FIELDS_AGGPXTRACK_PARAMS_CUSTOMICONSTART_MARKERCOLOR_DESC"
				showon="show_omnivore:1"
			>
				<option value="red">red</option>
				<option value="darkred">darkred</option>
				<option value="orange">orange</option>
				<option value="green">green</option>
				<option value="darkgreen">darkgreen</option>
				<option value="blue">blue</option>
				<option value="red">red</option>
				<option value="purple">purple</option>
				<option value="darkpurple">darkpurple</option>
				<option value="cadetblue">cadetblue</option>
			</field>

			<field
				name="omnivore_iconcolor"
				type="color"
				default="#ffffff"
				label="PLG_FIELDS_AGGPXTRACK_PARAMS_CUSTOMICONSTART_ICONCOLOR_LABEL"
				description="PLG_FIELDS_AGGPXTRACK_PARAMS_CUSTOMICONSTART_ICONCOLOR_DESC"
				showon="show_omnivore:1"
			/>

			<field
				name="omnivore_extraclasses"
				type="text"
				default=""
				label="PLG_FIELDS_AGGPXTRACK_PARAMS_CUSTOMICONSTART_EXTRACLASSES_LABEL"
				description="PLG_FIELDS_AGGPXTRACK_PARAMS_CUSTOMICONSTART_EXTRACLASSES_DESC"
				size="40"
				showon="show_omnivore:1"
			/>

			<field
				name="omnivore_spin"
				type="radio"
				label="PLG_FIELDS_AGGPXTRACK_PARAMS_CUSTOMICONSTART_SPIN_LABEL"
				description="PLG_FIELDS_AGGPXTRACK_PARAMS_CUSTOMICONSTART_SPIN_DESC"
				class="btn-group btn-group-yesno switcher"
				default="0"
				showon="show_omnivore:1"
			>
				<option value="1">JYES</option>
				<option value="0">JNO</option>
			</field>

			<field type="spacer" name="kilometerpointsspacer" hr="true" />

			<field
				name="show_kilometer_points"
				type="radio"
				label="PLG_FIELDS_AGGPXTRACK_PARAMS_SHOW_KILOMETERPOINTS_LABEL"
				description="PLG_FIELDS_AGGPXTRACK_PARAMS_SHOW_KILOMETERPOINTS_DESC"
				class="btn-group btn-group-yesno switcher"
				default="0"
			>
				<option value="1">JSHOW</option>
				<option value="0">JHIDE</option>
			</field>

			<field
				name="kilometer_point_color"
				type="color"
				default="#0000ff"
				label="PLG_FIELDS_AGGPXTRACK_PARAMS_KILOMETERPOINTCOLOR_LABEL"
				description="PLG_FIELDS_AGGPXTRACK_PARAMS_KILOMETERPOINTCOLOR_DESC"
				showon="show_kilometer_points:1"
			/>

			<field
				name="kilometer_point_color_text"
				type="color"
				default="#ffffff"
				label="PLG_FIELDS_AGGPXTRACK_PARAMS_KILOMETERPOINTCOLORTEXT_LABEL"
				description="PLG_FIELDS_AGGPXTRACK_PARAMS_KILOMETERPOINTCOLORTEXT_DESC"
				showon="show_kilometer_points:1"
			/>

			<field
				type="integer"
				name="kilometer_point_intervall"
				label="PLG_FIELDS_AGGPXTRACK_PARAMS_KILOMETERPOINTINTERVALL_LABEL"
				description="PLG_FIELDS_AGGPXTRACK_PARAMS_KILOMETERPOINTINTERVALL_DESC"
				default="1"
				first="1"
				last="10"
				step="1"
				showon="show_kilometer_points:1"
			/>

			<field
				type="integer"
				name="kilometer_point_radius"
				label="PLG_FIELDS_AGGPXTRACK_PARAMS_KILOMETERPOINTRADIUS_LABEL"
				description="PLG_FIELDS_AGGPXTRACK_PARAMS_KILOMETERPOINTRADIUS_DESC"
				default="10"
				first="1"
				last="20"
				step="1"
				showon="show_kilometer_points:1"
			/>

			<field type="spacer" name="easyPrint" hr="true" />

			<field
				name="show_easyprint"
				type="radio"
				label="PLG_FIELDS_AGGPXTRACK_PARAMS_SHOW_EASYPRINT_LABEL"
				description="PLG_FIELDS_AGGPXTRACK_PARAMS_SHOW_EASYPRINT_DESC"
				class="btn-group btn-group-yesno switcher"
				default="0"
			>
				<option value="1">JSHOW</option>
				<option value="0">JHIDE</option>
			</field>

			<field
				type="list"
				name="easyprint_position"
				default="topleft"
				label="PLG_FIELDS_AGGPXTRACK_PARAMS_SHOW_CURRENTPOSITION_LABEL"
				description="PLG_FIELDS_AGGPXTRACK_PARAMS_SHOW_CURRENTPOSITION_DESC"
				showon="show_easyprint:1"
			>
				<option value="bottomleft">PLG_FIELDS_AGGPXTRACK_PARAMS_CONTROL_POSITION_BOTTOMLEFT</option>
				<option value="topleft">PLG_FIELDS_AGGPXTRACK_PARAMS_CONTROL_POSITION_TOPLEFT</option>
			</field>

			<field type="spacer" name="panelLayersSpacer" hr="true" />

			<field
				name="show_panelLayers"
				type="radio"
				label="PLG_FIELDS_AGGPXTRACK_PARAMS_SHOW_PANELLAYERS_LABEL"
				description="PLG_FIELDS_AGGPXTRACK_PARAMS_SHOW_PANELLAYERS_DESC"
				class="btn-group btn-group-yesno switcher"
				default="0"
			>
				<option value="1">JSHOW</option>
				<option value="0">JHIDE</option>
			</field>
			<field
				name="panelLayers"
				type="subform"
				label="PLG_FIELDS_AGGPXTRACK_PARAMS_PANELLAYERS_LABEL"
				description="PLG_FIELDS_AGGPXTRACK_PARAMS_PANELLAYERS_DESC"
				layout="joomla.form.field.subform.repeatable-table"
				icon="list"
				multiple="true"
				showon="show_panelLayers:1"
			>
				<form hidden="true" name="list_templates_modal" repeat="true">
					<field
						name="name"
						type="text"
						description="PLG_FIELDS_AGGPXTRACK_PARAMS_PANELLAYERS_NAME_DESC"
						default="Openstreetmap"
						label="PLG_FIELDS_AGGPXTRACK_PARAMS_PANELLAYERS_NAME_LABEL"
						size="30"
					/>

					<field
						name="value"
						type="text"
						description="PLG_FIELDS_AGGPXTRACK_PARAMS_PANELLAYERS_LAYER_DESC"
						default="http://{s}.tile.openstreetmap.org/{z}/{x}/{y}.png"
						label="PLG_FIELDS_AGGPXTRACK_PARAMS_PANELLAYERS_LAYER_LABEL"
						size="30"
					/>
				</form>
			</field>
			<field type="spacer" name="panelHideButton" hr="true" />

			<field
				name="show_inactivefirst"
				type="radio"
				label="PLG_FIELDS_AGGPXTRACK_PARAMS_SHOW_INACTIVEFIRST_LABEL"
				description="PLG_FIELDS_AGGPXTRACK_PARAMS_SHOW_INACTIVEFIRST_DESC"
				class="btn-group btn-group-yesno switcher"
				default="0"
			>
				<option value="1">JYES</option>
				<option value="0">JNO</option>
			</field>

		</fieldset>
	</fields>
</form>